ID,cluster
462809,0
462643,1
466315,1
461735,3
462669,1
461319,1
460156,0
464347,0
465015,1
465176,1
464041,4
464942,2
461230,0
459573,3
460849,1
460563,0
466865,2
461644,0
466772,1
464291,1
466084,2
459675,0
465602,2
459168,2
461021,1
465083,1
467604,0
459717,1
465882,4
461996,0
463331,4
462216,1
462454,0
467010,2
459861,3
467917,0
465572,2
460593,1
465891,2
467442,1
462044,4
465686,0
464590,2
466006,1
466152,2
463156,3
465729,1
462384,4
462442,0
464191,4
462078,1
467873,1
461270,1
462960,1
464961,3
462110,2
465769,2
462267,2
465269,1
460881,3
461891,1
466935,2
464091,3
464535,3
463108,2
461356,4
464570,1
464580,2
465233,1
467208,1
459954,2
460219,2
460877,1
460191,2
463742,1
463691,0
463250,4
463952,1
461558,1
466567,4
465379,0
463814,2
466938,2
460671,2
462204,0
461671,2
459384,1
459905,2
464734,2
464125,1
467434,4
460956,1
465179,1
463338,1
467066,1
463845,1
459976,4
461334,3
465108,1
462600,1
464144,1
466911,0
462806,1
463426,1
464065,2
462979,0
462834,2
460764,3
466466,2
460185,2
459749,1
464406,4
467758,1
462059,4
467905,1
461177,2
460765,3
465386,4
465827,0
462332,1
464481,1
461011,1
464749,2
461094,4
462104,2
464524,1
466295,1
461787,1
467857,1
460153,2
465215,2
466746,3
464857,2
459478,1
460723,1
459853,0
459390,0
460410,4
463823,2
462008,1
459750,1
459880,1
459261,4
465656,3
465395,0
461631,2
464904,2
461740,3
467092,2
464173,1
464972,0
467959,0
467688,1
460043,1
466590,0
461191,2
465662,3
459231,1
466495,3
459192,1
465710,4
460258,0
462813,1
463595,0
467768,1
465291,2
462996,2
463497,0
465301,1
464702,1
459012,0
465053,3
459420,3
464166,2
458987,3
467745,1
464866,2
461081,0
467896,0
463991,2
466620,2
462594,1
462206,4
460697,1
467934,4
460054,1
459576,3
467910,0
467335,1
460263,1
459340,1
465622,2
459395,2
467539,1
466574,2
466544,1
463610,1
465539,1
459823,3
467614,1
459073,0
466065,2
464863,0
460022,0
459929,1
466613,2
461149,0
466068,1
461513,4
464761,1
466236,1
459664,4
461967,0
460516,3
461710,1
462742,0
459528,1
462691,1
462934,1
465837,4
464613,0
467515,1
463429,2
464024,0
460691,2
461825,0
467271,1
465634,0
464801,0
459429,0
459888,3
463467,0
462036,3
461282,0
460448,2
464464,0
462410,0
467252,0
459756,1
463789,1
466947,1
464150,1
465693,1
461670,1
466768,4
461550,2
462438,0
460704,1
464884,1
467050,0
460738,0
466176,2
459488,1
467773,3
465425,0
462318,3
466078,1
460792,2
460197,2
459375,1
463862,2
460144,4
462721,3
459637,0
465809,0
466915,3
467343,4
466268,1
464868,0
464038,1
460176,0
462161,4
464841,0
464893,1
464443,1
467619,3
465974,2
462075,4
459494,2
466921,0
463544,1
461167,1
467364,1
462408,4
466224,4
465151,1
467216,4
460586,0
461197,0
462776,1
465058,4
464088,0
459471,0
464695,0
462331,4
466523,1
465337,1
460834,1
466824,1
461607,2
465091,1
459532,0
466999,0
466597,0
464075,3
463394,1
462163,1
463895,1
464767,2
464763,0
460718,1
461989,1
466374,3
463738,1
465967,2
462260,3
467234,0
466573,2
463229,0
459768,0
462541,3
467714,2
467730,0
459474,2
460093,4
467865,4
465758,2
464184,1
462618,0
464226,1
465432,1
464087,0
466627,0
467380,1
465842,2
464622,2
462083,0
460910,0
460255,2
460109,2
464306,4
466835,1
465192,1
463380,1
462391,0
467086,3
460306,2
460752,2
467264,1
461646,1
463570,1
465277,4
467426,3
466258,0
463719,0
460032,2
465175,0
466610,0
459036,1
464047,0
459496,4
459997,4
463382,2
460967,4
465094,1
461229,1
466442,4
464527,2
463560,2
460011,1
467207,2
465177,4
467531,3
465409,0
462842,0
462124,2
466265,0
459789,1
464223,1
460280,1
460331,0
461494,1
460035,0
463812,1
465569,1
466333,1
467668,1
462723,2
460909,0
467777,4
462404,2
461799,2
459933,2
463717,1
463652,4
462149,3
462769,2
465532,2
462829,1
459210,1
464659,0
461411,0
467759,1
461475,1
462714,1
466890,1
462888,1
467479,1
466799,0
466557,2
460873,1
466776,3
459462,3
465727,0
462348,3
460941,1
461629,1
459907,2
467146,2
460916,1
459196,0
465444,0
464186,2
466412,1
459480,2
467880,1
460216,4
467941,4
466090,1
462572,0
467443,2
462548,0
459701,0
461139,0
461115,2
459027,1
467340,3
461410,1
460857,0
464300,1
460532,0
463287,1
461392,1
461546,3
467780,1
462130,2
464684,2
462276,4
462142,4
462417,0
466463,0
464736,0
467520,0
459835,3
463855,1
460344,2
466211,1
460139,0
464126,4
461286,0
461621,3
460163,0
461958,0
464875,1
464791,0
464579,0
463531,0
462651,1
465486,1
460882,0
467162,2
461298,1
461595,0
459260,1
462772,1
462941,3
459143,1
464532,3
460056,0
466761,1
465469,2
461886,2
465680,1
459316,0
465609,0
467009,0
461766,1
464938,1
462034,2
464049,0
467925,0
463711,3
463846,1
462064,1
463249,0
464217,2
463378,0
463035,1
459656,0
463114,0
465309,2
462688,2
459255,0
467385,0
467492,1
460789,1
467307,1
464026,0
464645,1
462493,1
460685,2
460452,1
459322,4
464066,2
461114,1
465165,4
464526,1
460666,2
465417,1
464096,0
464891,1
460107,1
467708,2
461873,0
465181,2
467204,0
467320,0
459468,2
467316,4
466182,4
463757,0
462314,2
466392,1
466652,1
461664,1
464105,1
466790,1
463844,2
462913,0
465541,1
459149,1
464508,1
458999,1
459947,4
465500,3
466009,2
466338,0
465122,1
465230,1
466369,2
463939,0
460825,0
461125,1
463471,0
467415,4
465879,4
463961,0
462634,1
463622,2
466624,1
467785,1
461928,3
460578,2
460198,2
467468,0
463581,0
463968,0
465414,0
464574,4
462312,2
467971,4
464746,1
459298,1
466414,1
460773,1
461594,1
462713,4
465163,2
462222,0
459342,3
463006,4
463029,1
460767,2
464319,0
462828,0
459873,1
461608,1
465155,3
461704,0
464826,2
462677,4
465006,2
463483,1
459816,1
459002,1
465990,1
466044,1
461163,2
467106,2
467373,0
461256,0
466522,2
459010,1
466537,3
459046,1
459335,0
462695,2
466208,3
462128,2
467329,4
461609,2
464470,1
462705,3
465255,2
462536,1
461186,0
466018,1
461385,3
459115,0
461263,1
460027,2
460366,0
464106,1
465696,4
461627,1
467963,0
462437,0
467543,3
465206,2
463040,3
461668,1
461955,0
467139,4
459366,4
460689,2
462167,1
466752,0
462778,1
466902,1
459534,1
463399,0
465538,2
464878,0
467599,0
466226,1
463576,0
464911,1
466457,2
463909,0
466099,3
464427,1
463951,1
465638,1
465289,1
466718,3
464219,0
467098,3
467451,1
465137,1
462289,1
467459,1
460308,2
467647,0
459803,4
465972,2
459414,2
466173,0
464136,1
459286,4
463580,1
466636,0
461064,0
461597,1
458990,3
461351,0
464420,2
462060,1
465707,1
463733,0
463960,1
462395,3
461015,1
464965,0
466267,1
464056,1
465898,2
465361,0
461394,0
466269,0
466213,0
465550,0
463451,0
463877,1
459499,3
463876,1
465448,0
463041,1
459325,2
467233,3
465264,3
461811,2
466370,4
465368,2
461245,1
467693,2
467879,1
461499,1
465936,2
459748,3
466376,1
460215,2
462076,3
465756,0
463573,0
463455,1
460841,4
463959,0
461792,0
459118,0
462791,2
460852,3
463102,0
463302,2
462659,2
463408,0
462071,1
464806,1
463664,0
467795,0
459141,1
465900,2
467265,0
464490,1
461920,4
460411,2
466491,3
459062,1
465248,0
463308,1
463478,1
465396,2
461954,0
467287,4
463800,4
459894,0
459778,1
464662,1
460878,1
462187,4
462675,1
461908,2
461951,0
465352,1
464258,3
464215,4
467561,1
460322,2
464665,0
460670,4
461486,2
459526,4
465429,1
466492,3
459489,1
459681,1
462971,1
461233,1
461221,0
464090,4
459863,1
459822,4
462540,2
467411,3
463997,1
464103,1
465751,2
459797,1
460798,0
464572,1
462352,1
460513,0
463228,1
464765,2
463720,1
460799,0
460891,1
460311,4
466727,1
466157,2
465138,4
466361,3
463154,1
462967,1
460908,2
467560,3
463404,1
463281,1
462466,1
463744,0
464209,1
462528,1
459518,1
460061,0
466188,1
467914,2
462758,0
465704,1
460397,4
466676,0
465024,1
461630,1
465328,1
461220,2
463935,1
460514,1
466262,4
467094,2
459280,1
464581,0
459624,0
460890,1
466415,3
462392,4
459706,1
464429,0
467446,2
460528,2
464836,2
459212,1
462364,1
464549,1
464555,2
462027,0
467110,3
467123,1
459599,0
467826,0
461837,1
467328,1
467962,0
464025,0
460385,0
462551,2
462047,2
459958,2
465690,1
459221,3
461059,3
461227,0
466246,0
462619,3
459561,0
467048,3
467362,3
459846,1
460351,3
459515,1
460499,0
460829,0
466559,0
467236,4
461816,0
467409,2
466299,1
464565,2
465906,2
460950,1
466654,2
459649,1
461077,0
464642,0
463741,1
460594,2
465253,0
459936,4
462998,2
464179,1
465655,4
462988,2
463933,0
462111,1
462435,1
462747,2
462279,0
463383,1
459743,2
461762,1
463071,1
464121,1
465051,3
460140,2
466197,2
460433,2
462953,1
462535,0
462921,1
464735,2
464455,3
461675,3
464578,0
466304,3
466850,0
467041,1
464775,2
464858,0
462040,0
460800,0
459663,0
462081,0
463047,2
464500,4
460756,2
462835,1
463766,1
463874,0
463525,1
465653,1
465905,2
465663,4
465225,4
465001,3
466905,1
465573,1
467008,1
466995,2
463397,0
466238,0
460531,0
462250,1
462611,0
459098,1
465701,1
466242,0
466308,0
464039,4
459972,2
461801,0
462716,2
467218,2
460387,2
466441,0
462057,1
466991,1
459453,3
461714,3
463465,2
467940,2
461970,2
459877,1
460784,0
460137,2
465201,1
465371,4
463929,2
461998,1
460828,4
467523,0
461673,0
459788,4
462645,0
462666,1
462587,3
459583,1
467361,0
459493,0
464583,2
462726,1
466919,0
467949,0
462406,2
460434,1
463729,0
466827,1
463641,0
467294,1
460875,4
459183,0
464541,4
461249,4
462959,1
459922,3
467935,2
461382,3
462521,2
463296,0
467003,1
459705,1
459984,1
466051,0
463583,2
466100,3
461427,4
464193,2
467835,2
463000,0
462457,0
460426,1
466024,2
467031,2
467440,1
464377,4
465870,2
460677,1
460095,3
463297,0
461790,3
467410,3
465904,2
459393,2
465712,4
465771,1
462013,1
465620,2
459840,1
461460,2
466317,1
461962,1
466071,1
460796,3
467012,1
460357,0
460182,1
460491,0
466630,0
466331,1
463912,1
461728,4
463278,1
459413,1
465659,4
461746,1
465574,1
462170,1
460626,2
466122,0
466678,0
464930,0
465447,1
467549,2
463718,4
467626,2
459058,0
461983,0
461207,2
467585,2
464604,2
462529,1
460475,1
463553,2
460912,0
461715,0
459567,1
462340,1
461834,2
459677,2
465148,0
467911,1
462981,2
463055,0
461884,1
467834,0
463019,1
466996,2
463026,1
459479,3
465565,1
459523,0
464707,1
466796,1
462977,1
462369,1
463053,1
462139,0
460922,4
463706,4
465703,1
462796,4
459558,4
459716,2
460599,0
465775,2
465392,2
464783,1
459439,1
464356,3
459881,2
461772,1
460551,1
466047,0
462248,1
465011,1
467898,1
461035,2
465382,4
464460,4
466291,0
461397,0
464302,1
465458,1
467276,2
461129,1
467406,2
463140,1
460980,0
464666,1
464236,1
466898,1
462736,2
467952,3
461399,0
466320,2
465142,0
460334,4
460745,3
459812,4
465197,1
462068,1
463592,2
467352,1
465030,2
462095,1
460248,2
464286,1
464248,2
459167,4
462710,4
462731,2
464475,0
466899,1
460108,1
460606,0
459096,3
467942,1
463264,3
462089,1
467756,1
461323,2
459563,2
467602,0
462562,0
461588,0
465691,0
460894,2
459151,2
466417,3
466837,2
466918,1
464133,3
466101,0
464289,1
461936,3
459301,0
462284,1
463290,0
462413,1
466814,0
460996,4
459714,0
464829,2
467474,0
466134,1
460496,2
461995,2
466798,0
461086,0
459306,4
464919,2
461798,4
466987,1
459329,1
465174,1
460979,3
465272,1
460463,2
460246,1
463423,1
466992,1
461530,1
463615,1
465101,3
464997,2
462255,3
460734,2
462616,0
460968,2
465235,1
461818,1
463171,1
460776,1
461634,1
462150,2
461503,2
464408,1
463163,0
462358,1
460647,1
464888,1
461652,1
467062,4
467157,2
462509,1
459469,0
465499,4
464913,1
465969,2
464922,0
463022,1
464704,1
462345,1
461439,1
461599,2
465705,1
461043,0
467551,3
464053,1
459282,1
461649,4
464389,3
464293,0
461739,4
465320,3
463707,4
465436,0
464562,2
465078,1
460568,1
459636,2
466445,0
460129,2
465373,1
463966,2
465467,0
460918,0
465954,2
465153,1
466502,0
460819,1
464993,1
463103,1
466302,1
466521,1
464288,2
460240,1
459188,0
465411,1
465595,0
466021,3
461831,0
462556,1
467321,2
459327,2
461626,3
463337,0
467615,1
463597,0
463784,0
459513,4
465804,1
465103,3
464007,1
463060,2
461359,0
467002,2
465014,3
459100,2
464083,3
464552,1
460218,1
460297,2
467171,4
464809,1
463008,0
464023,0
467929,1
461049,1
465049,2
460751,0
461690,4
464084,0
465644,0
459470,2
462700,1
465067,2
464247,1
459465,0
463894,1
466089,0
459355,3
467227,2
459054,2
463609,1
466260,1
464283,2
465646,2
461103,0
464378,2
462661,1
460266,0
462983,3
459022,2
463231,1
465863,2
463557,0
467636,1
463539,1
459633,0
462304,1
466988,3
467467,0
464871,2
462258,0
467813,1
459068,4
462701,1
466536,2
465668,0
462234,1
460340,2
466820,3
462922,2
465326,1
464130,0
463832,0
462735,1
464412,3
464468,1
463422,1
459498,1
460173,4
463091,2
467213,3
461804,4
466649,0
460533,2
465820,1
466329,4
461892,4
463656,1
462850,0
460603,0
460707,1
463122,2
467588,1
462552,4
466048,0
467845,1
459810,0
461267,4
466572,0
464092,1
467025,0
466110,3
462353,1
459904,2
462011,1
462367,1
460220,4
461429,1
462668,4
467339,1
461699,4
464885,0
460989,0
462156,1
461182,0
460507,0
462875,0
461708,3
459766,4
462137,4
459630,3
462699,3
465897,2
465628,1
462987,3
463492,0
462321,4
460511,0
459225,1
467894,1
465076,1
467573,1
465266,1
462215,0
466279,0
467131,1
459456,3
460225,3
463825,1
462597,1
466360,0
465542,1
465848,4
459043,1
463069,2
459795,4
464954,0
459713,0
463068,2
464834,1
462908,2
464032,0
459307,1
462224,0
465611,4
466322,0
461548,4
461870,1
466966,1
459207,1
465672,2
459317,1
464362,1
465683,4
462253,1
459421,1
459987,1
460036,1
461613,2
461168,2
459247,1
460770,2
465047,2
467013,3
465894,2
462702,1
465431,1
466386,3
467221,0
464057,0
467217,3
462186,0
463432,4
466753,1
465123,0
459965,4
466030,2
462582,0
461466,1
459676,4
464380,2
466846,0
465184,1
459481,1
467263,0
465136,1
464253,1
466534,0
466411,1
462576,2
467704,1
465303,1
467703,0
465493,0
461322,1
461706,0
463629,4
465140,2
459308,1
459582,1
460859,1
461915,1
466358,0
459708,4
459179,1
462654,1
466256,1
465649,2
467333,1
465652,1
460360,1
464472,4
467422,1
463116,3
460177,4
465081,2
467810,1
465063,3
462690,1
467752,1
466430,1
465713,1
462555,1
459668,2
461615,4
461532,1
465295,2
459175,1
463739,1
464339,0
465074,0
465282,4
460488,0
464554,0
462814,2
462073,2
459901,1
460858,0
461895,1
467308,4
467584,1
466444,1
462622,1
460100,4
466591,0
462849,1
463235,0
466410,1
464141,2
464634,0
461564,3
463219,1
461425,1
464009,2
460573,4
460951,0
462262,0
467126,1
462924,2
462488,0
461640,1
465504,4
460902,0
459657,3
465054,1
464000,0
460324,2
462468,0
465245,0
467919,2
463716,0
463769,1
464907,1
460523,0
462327,0
463882,1
464446,1
462282,0
467167,1
459625,2
466740,2
461434,2
465404,1
462337,3
461921,4
463763,2
467749,0
464876,0
463850,1
460381,2
460946,3
464329,3
467209,4
461897,1
462920,1
460994,1
462868,1
459964,4
462663,2
464116,1
467119,1
465042,1
464762,2
460009,4
460583,0
467827,0
463795,0
464313,1
463672,4
459230,2
462245,1
462926,2
460743,1
464656,0
467656,0
460978,0
467684,2
467089,1
466091,1
464582,1
467004,0
458997,1
466025,0
464689,0
464507,1
459204,1
467521,2
462743,0
459245,1
463884,0
463860,1
459184,1
459332,1
460201,4
464989,1
467782,0
464923,1
459364,1
462119,1
465132,4
466039,0
463873,1
467633,3
462780,0
462445,0
461052,0
460664,2
465992,1
463990,1
463128,3
463536,3
460775,1
464118,4
459264,4
464069,3
461185,0
465564,1
466387,2
462887,1
465977,1
462775,2
460286,2
466294,0
466037,4
466335,0
465750,1
461933,0
466681,0
466605,0
461332,0
461610,4
467707,3
460558,1
465158,4
460353,4
459903,2
464021,0
463325,1
459660,0
466423,2
465585,3
462671,2
459603,3
463614,0
465152,0
460525,1
466108,1
465400,2
465405,4
465681,1
466251,0
460417,2
460569,1
461162,2
459241,1
463628,2
467817,0
460406,2
464122,1
459658,1
462757,0
459529,3
464916,2
465920,0
463262,3
465631,2
467164,3
467859,2
461703,0
460667,2
466097,3
464390,1
465423,1
461337,1
463888,0
460390,2
465286,2
460294,1
460509,0
461248,0
464336,1
467595,4
466406,1
465092,3
459492,3
461426,2
467022,0
467330,1
459691,1
466161,1
461320,4
466283,1
463705,2
465821,0
467457,0
466543,2
463772,0
465881,2
459757,1
464452,3
463839,1
462777,1
464368,2
466923,2
459878,1
467279,2
465604,2
460787,0
466240,0
466621,3
464619,2
462722,0
467404,1
461314,1
463340,0
467870,0
462200,4
465591,1
461002,0
460812,3
467105,1
460630,1
462037,1
461726,1
463577,1
463038,1
464753,0
464928,1
467312,1
464887,1
460555,1
466661,0
461329,1
459648,1
460835,1
463827,1
460868,1
462566,1
467485,3
467351,2
465864,2
467232,0
466855,1
467238,2
467537,3
463654,0
459047,0
462994,1
464363,2
462565,1
463226,1
461232,1
467671,2
460374,2
463077,2
462719,1
459729,4
459084,1
467924,1
465439,1
462899,0
466712,3
467433,1
462642,1
460983,1
464008,1
461702,2
464312,4
462818,1
466045,2
461889,1
467945,1
464322,3
465637,4
462058,2
459368,0
462500,1
466948,1
461606,3
466184,4
466014,1
462890,2
464909,1
459554,2
462429,3
463605,0
459531,0
464608,1
459960,1
459597,1
464497,0
467150,2
464832,3
466829,2
459508,0
463506,1
466475,1
462546,2
467448,1
462852,2
462072,4
463211,2
464059,1
463746,4
465671,0
461729,4
464849,1
461100,4
466434,1
467305,2
466270,1
463479,0
467471,1
459159,3
465980,0
467713,1
467528,3
461278,0
466964,4
460607,2
462825,1
459899,4
460936,1
458991,3
460028,2
464281,4
463443,1
460949,0
466602,1
459044,1
460786,3
465968,2
460039,0
462892,2
462652,1
465050,3
461793,0
460781,1
463649,0
466969,2
462030,2
463735,0
464134,0
460195,2
464089,2
466643,2
461313,1
460418,2
461303,2
467049,4
459674,0
466910,2
466459,0
463085,4
461533,0
461187,2
461432,1
463978,1
459383,1
464020,0
467394,2
464539,1
461529,1
464943,0
466147,1
466263,0
461812,2
466848,1
467933,0
463957,0
462175,2
465818,0
467190,1
467848,2
462249,0
459311,0
462610,0
467309,4
467365,4
461913,2
462617,0
465485,0
461316,1
460501,0
460556,1
463036,0
461079,2
465120,0
464671,0
465367,1
467088,1
463887,1
460250,2
465316,0
464713,1
465764,2
467080,3
460683,2
460042,2
463025,2
459731,1
460955,0
462179,0
463147,0
462639,1
465722,1
464799,0
461934,2
459146,1
461448,3
466419,1
465443,1
459105,2
459941,1
463232,0
464737,0
467922,3
465329,2
466512,0
465408,0
466339,0
462870,4
464335,1
461353,1
463920,2
463712,1
467465,0
463637,0
466917,1
464663,3
460919,0
465000,1
461226,1
467500,2
461536,4
464296,0
463142,4
461004,1
462323,1
467899,1
461941,1
461383,3
466616,0
464658,1
460699,2
460180,2
462683,1
464988,1
466593,3
464542,2
465678,1
467862,4
459394,2
460091,0
461023,3
461260,0
463632,1
460047,2
460378,4
464758,0
460931,1
463240,1
461126,4
459698,1
461598,2
465979,1
463974,2
466231,1
459833,3
462886,1
467628,1
467488,1
465998,2
459338,3
466942,0
467195,1
466310,1
467617,3
459975,2
464386,1
462005,1
465859,4
464394,3
466120,1
460964,3
461975,2
462172,1
464563,1
464945,1
463688,4
461750,4
464400,0
463052,1
461372,4
463367,4
467926,3
461483,0
467355,0
466416,3
460330,4
459650,1
466789,1
466679,2
459362,1
466128,2
462474,1
459782,1
463113,0
466683,1
462103,2
459227,2
467761,4
459163,4
462455,0
460178,1
462803,0
460427,1
466343,0
461583,1
466461,3
462689,4
462740,2
461355,4
465009,1
467658,0
462837,2
463907,0
462728,0
461175,1
464872,1
460830,1
459741,3
461154,0
464990,3
467886,1
459201,1
463357,1
460539,1
462380,1
459884,2
461651,1
465336,2
461338,1
461050,1
460485,2
467901,0
463713,2
464278,3
461192,1
462285,1
463044,3
463086,2
459595,0
461419,1
465767,0
460598,1
460714,4
466482,1
461584,1
462066,2
463369,1
466586,0
464649,1
463209,4
466298,1
466929,2
466702,3
459238,3
463904,3
463996,0
462208,2
461755,0
466736,0
466872,1
467104,0
463476,1
463953,1
462202,0
467830,4
463752,4
461770,1
466525,1
462349,1
463964,0
459353,2
459709,2
461858,0
460450,1
466520,1
467646,0
460780,4
463514,1
465105,2
460445,0
462961,1
463932,1
459145,3
465651,0
463721,0
467369,0
461361,0
465608,0
464793,2
463736,1
462799,0
459006,0
460204,1
465257,0
466762,1
464318,3
459634,4
465416,1
467275,0
462117,4
460710,1
460098,1
465787,0
463365,3
464042,2
467627,4
464720,1
461123,0
465413,1
465126,2
465950,2
466734,1
466222,1
466142,1
467888,0
461992,4
460522,1
459973,4
460695,3
464260,1
464140,3
465606,1
459050,0
462330,0
459940,4
466352,1
463558,3
460049,1
464148,2
465503,2
465082,3
459832,3
464609,4
466703,1
466864,2
461458,2
459218,3
462860,2
462033,4
467695,1
463090,1
459219,1
460148,3
461603,4
466359,0
464655,1
466088,0
461205,0
462822,0
459076,1
463410,1
463879,1
462827,0
461500,4
461553,0
467912,1
465029,3
460062,4
462863,2
460465,0
460335,4
466067,1
463962,2
459807,3
463364,3
463599,2
462686,2
462949,1
460275,2
461184,0
460728,1
462416,1
460846,0
459542,0
459080,3
463106,3
464728,1
466474,2
461711,2
460347,2
467689,0
460260,0
466344,4
466437,1
460423,1
459590,1
464668,1
463049,1
460458,0
462407,1
459450,1
463255,2
462574,0
465761,2
467728,1
465841,4
460117,2
466619,2
461722,0
460898,1
463627,0
460403,4
459818,3
463732,0
462499,2
467112,4
459902,2
463233,1
467721,4
465915,2
464506,2
460624,3
462020,2
464320,3
467687,0
461561,1
465953,4
463309,1
459134,3
464195,4
467696,3
459586,3
466504,2
466792,3
459875,3
463837,1
465384,3
462050,0
465268,2
461370,0
464225,0
466665,1
462290,4
459326,0
464926,1
460343,4
463626,2
464266,2
464491,2
467698,1
463440,1
463602,2
464706,0
467220,0
460313,2
465497,2
465846,2
463374,0
462704,2
462160,4
461365,0
464205,3
459294,2
460318,2
467967,2
461797,0
462980,0
462361,1
461855,1
461069,0
467522,0
463327,1
459824,2
461051,1
461142,4
461521,3
459422,1
467792,0
467432,0
464016,1
464654,0
459111,1
459408,0
466473,0
464365,4
460046,1
466698,2
460609,0
459927,0
467057,2
466052,2
464210,4
465873,2
459802,1
464817,4
465540,1
460845,0
459072,1
465694,1
466381,1
460947,2
467338,0
467189,1
466456,2
463805,2
462427,2
462785,1
466906,4
461842,1
462229,0
462372,3
462400,4
466598,2
466940,3
461754,1
461376,4
459427,0
462025,0
465720,1
466354,0
463857,1
465849,2
464100,4
461444,1
461828,1
464711,2
462759,0
465349,1
459449,1
463407,0
466632,1
464641,1
460290,1
462154,1
464754,0
460167,0
461987,1
463259,3
464421,1
461628,2
459126,1
460639,1
465143,0
460860,1
467629,1
461720,4
460086,1
465832,2
467070,2
459602,3
463541,0
462431,2
461387,0
461693,1
466793,1
466010,1
465674,0
459405,3
465989,2
465598,2
466093,1
462773,2
467087,3
465763,1
462958,0
467056,2
461990,3
464480,1
461318,1
467398,1
464222,1
465427,2
460652,2
463642,0
462672,2
466112,1
459831,2
463027,1
462467,1
461469,1
461562,1
467051,0
465928,2
462491,0
460642,2
460988,1
460634,0
461108,0
464175,0
463329,0
466153,1
467027,0
459707,3
466710,1
465616,2
463173,4
465779,0
465826,0
463063,0
463575,4
466480,1
463175,0
462046,2
466075,1
461723,2
460783,3
465962,0
462781,0
466020,3
461502,2
463280,2
466936,3
460552,1
459345,1
464256,1
467097,1
462571,1
463765,2
460152,4
463415,0
459587,2
460995,4
465426,0
461452,4
460797,1
466618,1
462168,1
465338,2
463501,1
460817,0
459726,3
463516,1
466751,0
463359,0
463488,2
465872,2
460588,0
460236,2
460802,3
459467,1
466953,1
459086,0
464915,1
460827,2
464272,2
461063,1
467302,2
461935,1
459089,0
462365,3
459628,1
467332,1
460443,4
462195,0
466228,3
461952,1
467589,0
466107,1
462199,2
466452,4
467074,0
464233,1
462225,0
465970,1
460094,4
467428,1
465623,2
467516,1
462975,2
462389,1
461556,1
465964,1
460724,0
460660,4
466787,1
467256,0
467414,0
466742,2
466017,1
463079,0
459679,0
465930,2
464821,1
460175,0
466725,3
465095,1
465452,1
463473,0
463213,0
467653,3
463218,2
461289,0
459983,1
465845,1
462363,3
460575,0
461509,1
460542,3
461148,1
464064,1
460545,3
459303,1
462568,1
462635,2
464456,1
465106,1
467605,0
466116,0
461388,0
466155,1
467176,0
459400,3
466784,2
460320,2
466454,4
467028,4
464827,2
465463,0
464501,0
460659,1
463715,0
461028,2
466766,3
462475,1
465770,4
466823,1
463505,0
467083,3
467675,0
464080,4
462287,1
466503,1
461847,1
461447,3
459982,2
463316,3
466758,1
464307,1
461344,1
463353,1
467349,4
462607,1
467172,2
464324,3
462108,1
459288,1
460050,1
464994,2
464903,1
461251,4
463165,1
460419,1
465981,0
465281,2
463781,0
466569,2
466547,0
464631,4
465957,4
459848,1
461642,2
467259,3
459388,4
463439,2
464764,0
467073,2
460480,0
464419,1
463686,0
459411,2
463774,1
463671,1
466986,1
465508,0
463284,1
465351,2
464001,1
459483,1
466013,0
459763,0
466490,3
463024,4
463665,1
463459,3
462756,0
461414,0
463915,0
463543,0
462768,1
461876,2
462135,2
458998,2
466432,4
464722,1
460389,2
460663,2
463484,1
467771,1
462084,1
463621,3
467021,3
459056,1
467563,1
459820,1
467306,1
464865,0
463585,0
466186,2
459619,1
466699,2
465517,1
459237,0
461757,1
466309,0
466532,0
460832,1
461531,4
467304,0
463124,1
461463,4
464566,1
462070,2
464162,3
466554,0
462793,1
465657,1
460530,1
464045,1
465633,3
462905,0
466254,4
460617,0
465468,1
466125,1
465207,1
463332,1
459924,1
466143,1
466375,1
462951,3
465654,4
460987,2
461681,2
462820,0
467518,0
467525,0
465876,0
464199,2
462746,0
463261,2
467548,3
460924,0
463368,1
459957,2
459191,1
462479,1
466570,1
459407,4
467331,0
463377,1
467456,2
463058,2
467401,1
464029,0
466056,4
467130,1
465002,3
463155,4
459651,3
459961,2
466109,1
461543,0
459502,1
459864,1
460441,0
461942,0
462755,0
465098,4
459872,1
462053,1
467040,0
465079,3
467697,4
466555,0
463457,1
462653,1
461390,1
460217,1
463684,0
463764,1
465310,0
462489,1
465677,1
459737,2
465357,1
462159,0
461747,3
465940,4
464323,2
467248,3
463265,1
459946,1
463161,4
460790,1
463118,1
460864,0
461039,0
460299,1
462378,3
463081,1
460923,1
462120,1
463980,0
461464,4
466695,1
465833,1
467490,2
459765,4
467570,2
464561,2
459409,3
462864,0
461009,2
459117,3
464131,3
464079,2
462478,1
465375,4
461637,1
459252,3
461438,2
463956,0
459682,1
459892,1
467720,4
463148,3
460862,1
460382,1
461650,4
467501,4
459486,3
467319,2
459604,0
463554,2
467652,0
465298,1
462494,2
467344,3
463442,1
467219,3
464360,3
462505,1
459914,4
461255,0
462360,1
466571,0
465033,1
464575,2
465650,0
464640,0
459694,3
465216,2
460818,2
463927,4
459506,4
467001,2
460265,1
464178,0
461586,2
461764,4
459297,1
459548,1
463452,3
467767,0
465927,4
465857,4
460581,1
459501,1
466670,1
460678,2
459490,1
460230,0
463653,0
463726,0
467858,1
466907,1
467249,4
465533,1
462297,2
460596,0
462633,0
467709,2
467413,3
464672,0
465807,4
462760,0
466529,1
464434,1
462359,1
464802,0
467643,2
461977,4
461738,1
464520,2
464484,1
465391,3
460611,0
466159,1
463623,0
459254,1
463594,2
465118,1
460761,1
459132,2
461265,0
463446,1
467902,0
460591,1
464139,2
466433,2
459023,0
466476,0
460090,3
461016,2
464630,1
462464,1
459026,2
464376,1
465256,0
461783,3
467478,1
463094,2
463257,0
465060,2
461696,3
466130,0
460498,1
459248,1
464924,0
462620,2
462657,1
467822,0
460876,1
461395,0
460731,4
463582,0
461423,0
460879,0
467376,2
463701,3
466667,0
464345,1
467889,3
461709,0
463515,2
460080,2
460375,4
466364,1
465551,1
463096,4
460896,4
460702,4
466001,2
465738,2
460804,0
464426,0
465880,4
461342,1
459078,3
460396,2
461098,1
463076,4
460976,0
465536,1
460399,2
460449,0
463807,0
459323,0
459727,3
463263,1
466998,1
466729,0
462608,1
465495,2
461244,0
459173,1
465795,0
467345,3
467290,0
462220,2
465737,2
459423,2
464445,3
461378,2
462286,1
463678,0
465601,1
462647,1
465714,1
466312,0
459697,3
460057,4
464960,0
459064,2
461277,2
463403,0
463863,1
467064,1
467856,1
462251,1
465372,4
463970,0
463547,0
465331,1
460785,0
461788,3
461617,4
460661,2
463363,0
462520,0
461568,1
464769,2
466615,0
465688,1
462109,3
459565,4
462766,2
466682,1
459690,4
459347,3
465766,1
467575,0
459774,1
464860,1
464932,2
461814,4
463428,1
459671,1
464451,1
464043,1
461784,3
463389,1
462233,0
463826,2
465121,2
466168,1
459841,1
467342,4
459495,0
464962,1
460874,0
463247,4
460771,1
465774,2
463551,2
464502,2
461407,0
465218,1
466081,2
467336,1
462440,2
459389,0
466446,1
464385,1
467872,1
459857,2
466701,2
461169,2
459519,1
460795,1
464511,1
466399,1
465603,2
466079,1
459769,0
462450,0
460587,4
461490,1
460895,2
465104,2
467503,4
460316,0
467198,0
460348,4
467460,2
466838,1
463561,4
466170,3
463578,0
461352,0
465814,1
467690,3
463809,0
460701,1
461592,1
467692,1
459033,1
466424,1
459937,2
466404,4
463504,0
459944,1
464073,4
462169,1
463032,3
467374,2
459269,1
466769,0
465792,1
462280,0
464616,2
465202,2
464384,2
466655,1
466600,2
467815,1
464966,1
467803,2
466810,0
459896,2
464862,2
461751,1
466965,4
465157,1
462544,1
464652,2
466401,1
461902,1
463164,2
461660,3
466054,2
464725,0
463507,1
465888,2
466103,1
461261,0
462203,0
463303,4
465943,0
462997,1
460338,2
460000,4
462531,1
459417,0
466479,1
460122,0
466087,2
459350,1
460676,2
463179,1
461137,1
467555,2
464211,1
461413,4
467660,2
461193,4
460772,3
465702,4
459001,0
467006,3
466927,0
464107,1
460605,2
459847,1
460906,3
459720,2
463294,1
463751,2
465209,1
461222,4
464813,1
462855,0
463777,1
463210,3
461672,0
467711,4
459662,1
466515,2
464946,2
460880,4
459537,2
463635,4
467650,1
467891,0
459052,1
466439,1
464571,0
460758,2
462001,1
460172,1
466657,3
461381,1
464275,0
463571,0
460017,2
462171,1
460436,4
459527,1
459278,3
466851,2
460483,1
466133,0
459678,0
464012,3
464897,3
463593,0
464559,2
463572,1
466496,1
461132,1
459165,2
461073,0
467868,1
459825,0
463300,1
467532,2
462646,1
465999,2
461166,2
460143,1
463436,0
465090,1
466368,4
466809,0
462676,1
466924,0
466719,3
460141,2
467936,0
465799,1
461745,2
465548,0
459359,1
461810,1
460024,2
462952,1
461862,2
462136,0
464676,0
461601,1
466465,1
462067,2
460549,2
466732,1
467579,2
465824,3
464637,0
463343,1
467206,4
466756,1
462386,0
467402,0
464976,3
464983,1
466974,2
462866,1
466453,1
463529,4
463651,4
463555,4
464314,3
461350,0
462354,1
462145,2
461041,0
461946,0
466105,1
467598,1
464639,1
463143,1
465791,2
464418,2
460782,3
467425,2
461986,2
461306,0
465554,3
467030,4
461753,4
464142,1
467047,2
461863,0
460476,1
464176,1
463989,3
462356,4
459871,3
466889,1
465948,1
461496,1
462002,0
462592,2
465816,2
464343,4
459692,2
460543,3
463206,3
467565,1
467691,1
459520,1
460816,2
464120,2
463276,1
462398,1
461006,0
463194,1
462974,3
463414,1
460958,0
463493,1
467540,1
466562,0
459195,1
463352,1
463948,1
464949,1
461969,2
462127,3
467512,1
461366,0
464674,1
460540,1
466813,1
459228,1
462615,0
460712,3
462945,1
459200,1
465087,0
459108,0
467760,2
464726,0
462146,3
464188,0
461055,1
461718,2
467667,2
461997,2
460361,1
460315,0
463021,3
467739,1
463937,0
462598,2
467742,3
462918,2
465308,0
463396,0
466967,1
465145,1
466611,2
463117,0
462056,2
465514,0
460310,2
461662,3
464448,1
461473,1
461587,0
459021,2
465861,2
465874,4
460325,4
460333,2
467043,2
461937,4
467262,3
465794,0
460421,2
462180,1
462681,2
465461,1
459356,4
459216,4
465283,3
467450,2
465296,3
461239,4
463870,0
467550,0
459382,4
463134,4
459917,2
463037,1
461209,2
461524,3
465038,1
461849,0
459654,2
463620,0
466862,2
463794,0
461743,3
466994,1
467210,2
460059,4
466946,1
462189,0
466011,3
462162,1
463977,2
466692,0
465232,1
461018,0
465607,2
467801,1
465858,1
467117,4
462762,1
462973,2
466551,2
461569,1
459253,1
467755,2
459943,4
465480,1
466029,0
466806,0
466214,3
462782,2
461479,1
461027,2
460494,0
460565,2
465247,0
465993,0
459463,1
460170,3
463200,1
458986,2
467390,1
459349,1
467144,1
460750,1
464263,3
462644,1
463386,2
463770,0
459434,3
467417,2
461048,2
461428,4
461213,0
464975,2
461565,2
462213,0
467716,1
460285,4
461455,1
467920,2
467244,0
463107,3
463460,1
462976,1
467669,3
461589,1
463269,1
464815,0
465552,0
463587,0
467200,3
462436,0
463207,1
463853,1
459443,2
466489,1
464388,2
467662,4
466832,1
464496,1
465271,1
467621,3
467526,0
464050,4
460510,1
462339,0
467670,0
464844,0
464681,2
467640,4
459381,1
461095,0
464963,1
461422,1
460853,1
461505,1
467832,0
466398,0
465587,0
467109,0
460350,4
466863,2
459767,0
465640,2
462903,1
463631,0
467797,3
467818,2
459120,0
464905,3
463326,0
466493,3
466847,0
464396,1
463946,0
466687,0
467908,1
461062,0
466526,0
464423,1
465284,2
463530,2
462415,0
460066,0
464242,4
465259,0
460083,2
461669,1
461060,1
459198,1
466163,3
465362,1
464678,1
464514,1
463848,1
462495,3
462144,4
461000,1
459319,1
467581,1
463669,2
460604,2
464912,1
466645,2
459715,0
463828,1
467438,2
463031,1
465219,2
467497,1
462112,3
461773,3
465178,3
465599,1
459079,3
460261,1
466749,0
459037,0
465139,2
465786,0
465847,4
459977,2
461242,1
464995,1
461508,2
459174,0
465852,1
466892,1
463693,2
464190,2
459391,0
462390,0
467177,2
461343,2
459661,1
459854,1
458995,1
459751,0
466951,1
459971,2
465370,4
462178,3
463277,2
461836,2
466836,4
464449,4
461443,1
459222,1
459549,2
462292,1
467505,1
463992,1
459560,3
464944,1
459333,0
467286,0
459011,3
467076,1
462577,1
460346,2
459900,4
462990,0
464625,4
464790,4
460012,1
459968,2
464221,1
465031,1
465522,0
465212,1
461575,0
460001,1
460778,0
460700,1
460616,1
462665,1
461945,1
465798,0
461201,4
465134,1
462893,1
459208,1
461896,1
459868,1
464568,2
462492,1
467559,1
464277,4
462798,3
461924,3
460998,0
463630,4
462173,3
463569,1
460044,1
461026,2
461468,1
467224,0
462879,3
460349,1
459591,1
459133,0
465465,2
460231,2
461111,2
459203,1
463540,2
461971,1
467183,1
466548,1
460747,1
459721,3
463204,0
467618,2
467903,2
466249,2
464467,4
461138,3
463392,1
466671,0
463017,3
463908,2
464154,1
461272,1
461765,4
467099,4
464151,2
461304,0
459569,0
461457,0
467851,0
463510,0
465519,3
461092,1
461180,0
462473,1
463028,0
461276,1
460940,1
462955,1
467725,2
465217,1
463657,1
465851,2
466561,0
459577,3
466818,3
464543,2
462640,1
467649,1
466016,4
462547,2
462963,1
466305,0
462631,1
460706,2
460282,1
459041,2
460114,2
460147,1
462123,4
465768,2
463236,2
462487,1
463954,1
466609,1
461741,3
464416,0
467513,0
465428,4
464632,0
462999,0
462554,0
460075,4
460838,0
464889,0
465490,1
465909,2
465117,1
459085,0
464709,2
460572,4
464612,4
465424,4
463093,0
466803,4
463248,2
464155,0
467424,1
465220,3
463004,1
463315,1
466498,3
463234,0
462453,2
464486,0
467111,1
466355,0
463230,2
463127,3
465018,4
464940,1
465294,3
461525,1
460058,1
464692,0
466342,1
459214,4
464243,4
467273,2
459652,0
466187,1
466421,1
461541,2
462709,0
466233,1
461881,4
466371,0
467717,1
464917,3
466031,2
467039,2
464334,0
459185,2
460580,2
464808,1
465583,4
462042,0
460013,3
461776,3
467251,0
464937,1
464072,1
460836,2
467323,2
464245,3
459030,2
459059,3
460926,1
463803,4
466540,0
459083,2
467699,1
465773,2
464984,4
466215,1
460508,1
460229,3
459735,0
459289,4
461853,2
465345,4
464513,2
465806,0
463534,4
467053,2
459730,1
464269,4
466839,2
466510,4
464299,2
463773,2
462133,2
466895,1
460848,2
459324,0
467214,0
462009,2
464929,1
463149,1
463447,1
464833,0
462088,1
459992,4
462270,1
466711,1
459614,4
459850,4
460665,2
462841,0
461761,0
461573,0
463199,1
465317,0
461832,0
464596,1
466059,1
463104,1
459990,1
463330,0
459893,3
467212,4
460913,0
462266,2
461020,0
462838,1
460159,0
460974,3
460312,2
459919,4
467381,1
461707,1
462461,0
465378,1
459533,4
461091,1
466467,1
462476,1
459197,1
464357,2
459915,0
459547,3
463319,3
466323,2
459363,4
464700,0
461794,0
462563,1
465922,2
464341,4
467529,1
464294,3
461923,1
466843,2
462880,1
464402,2
462596,0
466841,0
464536,1
462765,0
461364,0
465836,2
465208,1
460416,2
459787,3
464276,1
460560,2
467449,3
467625,1
460559,2
463847,1
464669,1
465472,3
461393,2
463141,1
464149,1
461777,3
464505,2
463345,0
459609,4
465412,2
465195,1
462550,0
466896,2
463851,1
462452,0
464399,1
462257,3
464782,1
465624,2
462508,0
465085,3
462872,2
467535,3
465793,0
465892,2
463666,0
459015,0
459699,2
466189,1
466348,0
459461,1
460620,1
463318,3
462626,0
467554,0
463502,1
466651,4
466885,1
467439,1
461749,0
467134,0
462753,1
462259,1
463537,0
463217,1
463689,1
466380,1
463101,2
466366,0
463864,3
465716,4
463014,1
459808,1
462443,0
460453,2
466485,2
467445,2
459448,1
463500,1
461507,1
465918,2
467533,3
467029,2
465749,1
460768,2
460146,1
464998,3
467715,1
462201,4
467454,1
460645,0
465129,4
464264,2
465913,2
461068,0
466689,2
460071,4
459817,1
460477,0
467766,0
460008,2
463775,0
461820,1
459226,1
460961,0
463503,0
466365,1
462632,0
460404,0
460492,2
461571,0
467624,1
463880,1
462846,0
459233,2
464751,1
465939,4
467118,1
463815,1
460871,0
459127,0
460675,4
460165,4
461678,3
465096,2
464522,2
460886,4
462302,0
462184,0
462956,2
466422,1
465324,2
460668,4
466275,3
467257,2
460254,4
463158,3
467866,1
461685,0
467875,0
460208,0
462151,2
462853,0
465239,1
461624,1
467508,0
467318,1
466867,2
467738,1
465590,1
464980,1
459805,1
465013,3
459240,4
462344,1
460388,2
464218,3
466589,0
467556,4
459887,1
465955,2
460033,2
462928,1
460889,1
459669,1
467849,4
466873,2
464837,1
462581,0
466237,0
462707,1
467060,2
464794,2
460281,2
460164,1
460431,4
466901,1
463328,0
462246,3
462371,0
462022,1
460662,2
464022,0
461819,1
465735,1
462804,1
464138,0
464224,1
463289,1
463223,0
462038,2
463341,0
463185,1
459258,3
464379,2
464521,0
459575,4
467732,2
460003,4
462226,2
461274,3
462992,1
466675,1
461124,0
464638,0
462374,1
463526,4
462912,2
462604,1
460708,1
467015,1
464745,1
467245,0
464798,1
463619,3
467246,2
462969,2
460959,0
461911,1
459882,1
459632,1
462613,0
466455,1
462394,1
462010,2
461371,1
462376,3
459845,3
462658,2
462583,0
459858,2
459091,1
467135,1
460413,2
466206,1
463192,1
467382,2
466750,0
463801,0
467296,1
460651,2
460296,1
463524,2
461775,3
465711,1
462833,1
465506,1
463366,1
464987,1
459114,1
467928,1
462881,1
466524,1
463191,0
460861,0
465610,2
460206,1
462876,0
465333,1
463121,3
460379,2
462991,0
460307,2
464383,3
467931,4
466594,3
461200,0
465600,1
459688,4
463549,0
466696,1
462906,0
461527,4
461354,4
462483,1
463938,0
461661,2
463532,2
465627,4
465242,2
465170,2
467359,2
460415,4
465984,2
459432,3
464241,1
467141,1
466933,1
465035,2
461415,4
461957,1
465523,1
459631,1
465279,1
463782,2
463243,0
465489,0
467100,4
460154,2
459753,1
464030,0
463220,1
465237,3
467564,1
465113,3
459516,1
465965,2
460907,3
467314,1
459951,1
467295,0
466212,1
463533,3
467890,1
467541,1
460183,2
463634,4
463100,2
460550,1
465867,2
462964,2
466685,0
460719,3
463005,2
466377,2
464796,1
460682,2
459744,2
460084,4
461119,2
463441,2
466971,2
463208,1
467877,1
464471,1
467360,1
461576,2
461966,4
463398,2
466096,3
464433,4
461082,2
465942,2
464354,4
464252,1
463463,1
465592,1
462214,1
466707,4
459956,2
460847,0
463222,0
462816,3
461979,2
467170,2
462609,1
466332,0
459594,1
464147,1
463007,1
464119,1
463310,1
465706,1
459826,0
466174,0
463596,0
465455,0
462867,1
459140,2
464295,0
460067,2
467222,1
461482,2
462514,0
459796,1
463722,2
462278,0
463799,0
464259,1
467159,2
460669,1
462003,2
461216,0
464298,0
465039,3
467973,1
467731,1
461721,2
463166,4
465944,1
461061,4
463010,3
464756,2
467366,4
464006,0
461206,2
466216,0
463690,2
465929,2
461736,1
460402,1
467367,3
464770,0
464918,0
461639,1
464254,1
462579,3
466976,1
467079,1
467724,1
459792,2
464789,1
467143,3
464370,1
459415,0
459387,4
467895,0
459838,3
463695,0
464512,2
467419,1
462511,3
464124,1
459638,0
466194,3
461807,2
460456,1
462932,1
461297,3
464430,2
459416,2
464743,1
466276,0
467829,0
463813,0
461733,1
466925,2
467846,1
459596,1
460597,0
467788,0
467966,2
464503,2
460242,2
467014,2
466637,1
462553,0
459287,4
464074,1
463734,1
466575,2
459193,4
462143,3
467700,1
467140,2
463356,2
466797,0
459234,3
460442,1
463901,0
465494,2
461552,1
459239,3
466379,1
464759,2
461994,2
461802,0
462527,1
461800,4
460933,3
460189,2
459031,1
464673,0
459101,2
460136,2
460973,0
460187,4
460679,2
459700,1
464787,0
467201,4
462614,1
460813,3
462698,1
463344,1
463633,1
466278,0
464964,3
462317,2
467353,1
464169,3
464553,1
463518,2
459711,2
460788,0
459392,0
467887,4
467743,1
460368,0
463126,1
467046,0
463099,3
462439,0
464182,1
464810,0
464234,1
464683,0
463349,0
465866,2
465261,0
459780,4
462031,1
464933,0
463941,0
466842,0
459014,0
462420,0
465250,0
466513,1
461791,2
467160,1
464586,4
461391,1
466658,0
459728,1
464618,1
462219,1
467553,2
459655,1
462182,2
459119,2
460721,0
459517,0
461441,1
465390,4
466160,1
463842,1
465902,0
467034,3
466247,4
465747,2
464203,4
462373,2
465364,0
464280,1
460993,1
464227,3
461141,1
465297,3
467282,2
459790,2
464670,1
462093,0
459398,3
461136,4
461379,0
461956,4
460283,2
460337,2
463275,2
461234,4
466861,0
463177,2
461874,1
462506,0
466868,0
461253,0
460466,2
461830,1
464748,2
461904,1
466737,0
459153,1
467562,3
465168,2
459162,3
462831,1
465576,1
464474,4
460566,1
465169,4
460235,0
462580,4
467313,1
460400,2
463406,0
459135,1
465862,2
462972,1
466284,1
464410,1
466005,1
460821,4
459206,0
467571,0
461156,0
465515,1
460883,3
465380,2
467435,0
461218,0
467186,1
459827,0
461859,2
467821,1
462525,1
462787,0
459055,0
462605,3
461252,4
464340,3
461872,3
459746,1
466274,1
467499,1
467423,1
463865,1
467504,0
458984,1
459142,1
462993,1
467947,1
466389,1
460632,0
465626,2
461768,3
462242,0
466949,2
465479,0
464845,1
465066,2
466817,3
466436,1
467974,4
460341,2
467463,2
466235,1
459371,1
460233,0
466094,0
461451,0
460473,1
461786,3
466745,1
460124,4
459910,1
464082,3
461487,1
465188,1
467255,2
466993,2
467151,0
467480,1
464403,3
461518,1
464848,1
460715,3
466963,4
466508,2
460125,2
462325,0
461537,4
461679,0
463559,1
464330,4
467018,1
463160,4
467736,3
466104,3
467825,0
466599,4
466724,4
463062,1
467881,2
462578,2
459177,1
459232,1
459302,1
467019,3
462122,2
459776,3
466074,2
461528,4
464375,1
460138,2
460232,2
464444,2
467783,1
460497,0
465124,2
464602,1
465581,1
462750,0
461258,1
464958,0
462537,3
462268,2
460920,3
463816,1
461712,1
461846,4
464315,1
467607,2
459259,3
465224,1
463181,2
467932,0
466876,1
463401,0
464071,3
464202,2
467163,2
463453,0
466795,1
461932,0
467280,2
463658,1
460579,0
462310,1
460321,2
464537,2
463335,4
467346,1
466126,1
464058,3
462232,0
463034,2
459543,3
459635,2
464097,2
466930,0
463866,1
465387,1
463246,2
459719,3
462241,0
462198,0
463283,4
466983,2
462812,0
462496,1
461782,1
460405,2
460757,2
467396,0
466546,3
459138,1
464830,1
459194,3
465043,2
461435,2
462512,1
467677,1
464216,3
463279,0
460395,2
462308,1
461309,0
459310,4
459786,1
467215,3
460613,2
461682,3
466979,1
467077,1
465605,1
463896,0
463481,1
463323,0
464033,0
467637,0
465456,1
467831,1
466041,1
464285,2
465697,2
465199,1
466057,1
467327,1
460495,0
466180,3
467954,2
467915,0
464786,0
462811,1
459220,3
461196,2
465069,1
464959,1
460537,0
461019,0
467240,2
460116,1
466319,0
465801,2
461686,1
459263,2
460487,0
462947,1
463875,1
459704,1
467741,0
464978,3
465402,0
465191,4
459459,1
467458,4
459223,1
465762,2
466882,0
463170,0
462296,1
466625,1
462043,0
466777,2
459959,2
462470,3
460805,2
460026,2
463244,1
463902,1
462032,1
467291,1
467847,2
462243,1
466626,1
464372,1
465005,1
466185,1
462165,3
464740,1
467391,3
463753,0
460892,1
459852,2
460777,3
463202,0
466973,1
460739,1
459217,3
462148,1
462265,0
460455,2
462402,1
459386,3
461526,3
466782,2
461538,0
460736,0
459859,2
466252,3
462240,3
466920,2
466293,3
466926,0
464422,4
461517,1
466763,1
460822,1
460957,1
466715,1
459843,1
459653,2
460045,1
464249,3
467723,0
459764,1
466664,1
464867,1
459742,3
463768,1
465636,0
467639,1
464760,2
464986,3
462024,0
464730,0
465823,2
465546,0
460460,0
467202,1
467184,1
465327,4
459314,1
466072,0
466086,3
459343,2
459224,1
465473,4
466887,1
463682,2
460963,4
467033,2
463883,0
466716,3
464251,1
463843,1
461476,1
467787,2
463130,3
467722,2
465241,0
460345,1
463512,0
466255,1
463449,1
459276,0
460564,2
463644,4
466253,0
463760,0
461717,0
462733,1
466146,2
461866,0
459876,1
463434,1
461869,3
461228,2
462962,1
465869,4
464181,2
459740,0
463852,3
462774,3
464567,2
459271,4
460990,0
463802,4
466672,1
462919,2
463153,2
460464,2
461375,0
467956,4
467024,2
461146,1
462388,1
460355,4
461854,2
458985,0
466356,1
460078,2
464969,0
461769,4
465193,1
463548,0
467116,3
462140,1
461577,1
460740,1
466844,0
466085,2
460150,0
467955,2
463242,2
466833,2
460371,4
465180,1
461279,2
459109,2
467519,0
461398,0
467188,1
459318,4
461823,2
459732,1
461317,4
461459,4
460429,2
464577,2
466552,1
461231,1
463650,0
462674,2
465275,0
465684,4
465492,3
464510,3
463588,0
466341,1
459397,1
460888,2
460272,3
460612,2
462530,1
462227,1
459684,1
459568,0
464517,0
467892,0
461012,0
463003,1
467592,2
462366,1
465908,0
466759,0
463400,2
467075,2
462087,2
462522,1
459615,3
464899,2
460157,1
467794,0
461040,3
466443,1
463975,2
464063,4
461917,3
464055,1
461326,4
467196,0
461633,2
462045,2
466264,1
466289,0
463562,0
460089,2
459336,2
467350,2
463565,0
463905,1
467269,1
464934,3
463923,0
465445,0
460517,3
463661,1
459370,2
466019,1
467107,1
461683,1
459053,1
466894,4
460005,4
467969,1
463120,4
466106,1
467644,0
461976,2
460885,2
463692,0
467674,1
465982,1
464349,1
467113,3
463881,0
462247,1
463886,4
460304,3
466458,2
465830,0
462889,1
462449,0
462101,1
467558,0
467247,0
461663,0
459571,1
459385,1
466191,1
465062,1
467108,4
466957,2
463298,1
461155,1
466650,2
464633,0
464469,2
459710,1
465319,0
462041,0
459539,2
466158,1
460430,2
461953,2
463982,4
467546,0
464861,0
459667,1
467447,1
461373,4
464587,1
467811,3
464333,1
466978,4
461705,0
461161,4
467860,4
462409,2
461093,1
466350,1
462273,4
460512,1
462320,1
465355,2
462877,0
466259,0
462424,1
459028,1
463708,1
461405,4
466656,3
464409,3
463754,0
464628,2
460447,3
466754,1
465023,2
466954,2
460274,2
466507,1
462281,1
462930,2
465125,2
464127,0
462164,2
463949,1
460380,2
461324,4
463482,0
465723,2
467948,0
464473,1
467325,3
462017,2
463152,1
462174,2
461511,2
464095,1
460096,3
462129,2
464111,1
463699,2
466307,1
459980,0
467115,3
464261,3
462098,1
460002,1
467322,1
463584,0
466633,2
460966,1
461084,2
461165,1
461454,2
459284,3
461116,1
459235,1
461377,1
467840,0
462362,1
462217,4
464325,2
460063,4
460727,1
467612,1
463317,3
466036,3
459320,1
464457,2
463702,1
463890,0
467420,1
466871,1
466878,2
462660,2
466691,0
463182,1
463321,0
462532,0
464588,1
467436,1
465260,2
467566,1
464284,1
462895,0
459460,3
461985,4
463168,2
466853,0
464840,0
460135,2
464814,1
464856,2
462940,3
463083,2
461283,0
459487,3
466181,1
462465,1
464780,0
466741,2
465385,4
464270,4
467807,1
466118,1
460068,2
467444,1
460937,0
459550,2
461539,2
464228,0
461593,2
461949,2
466171,3
462682,0
463384,0
460584,4
467502,0
459433,0
467452,2
462501,1
462121,4
464890,0
461172,3
460855,1
461268,1
465731,1
462861,2
458989,1
463527,2
463293,0
465166,0
460194,0
462711,1
466932,4
467769,4
461898,1
460840,3
466137,0
466607,0
462939,1
465698,2
461240,0
461357,0
459512,3
467775,4
462871,1
464454,2
459879,4
466802,0
459074,0
462539,3
460133,0
461780,4
466945,1
463922,0
466328,1
466195,0
462300,1
460412,0
467823,2
467726,3
463061,0
460134,2
463237,0
466770,1
464198,1
459344,1
464152,1
464104,1
461034,0
460755,4
465019,1
462902,2
460060,2
465739,3
461695,1
466297,0
465544,4
466207,2
464431,1
462397,1
460014,4
460202,1
459834,1
464011,0
460048,4
464546,2
459687,1
467737,2
463936,1
460422,3
467784,2
467067,0
466779,2
465661,3
459616,0
463745,1
466706,3
467816,4
466418,3
467882,4
463914,1
465498,2
461070,1
461171,1
467403,2
464382,1
465449,2
465190,1
467310,3
463131,1
467301,3
466202,2
459945,1
465187,1
460253,1
463216,2
465615,1
462055,0
465234,1
460720,1
467582,1
466046,1
467622,3
462664,3
461731,3
459061,2
462630,0
462311,0
461396,0
464900,3
463445,1
463824,1
459451,1
459070,3
463674,0
460119,0
465227,2
462612,0
467610,3
465159,3
465956,1
462422,3
466266,1
464573,2
463306,1
462065,2
463456,1
461914,2
459779,1
466663,4
464504,0
465883,1
465262,2
466205,2
464128,1
460482,2
466055,1
465511,1
460106,1
467527,1
460927,1
464172,3
461442,1
459851,4
466179,3
459019,2
463945,0
463274,2
459606,1
462807,4
467654,1
467418,1
467712,1
465299,1
461616,4
461547,4
460811,1
463891,3
467534,2
462748,1
459380,1
466783,0
462832,0
461134,1
465741,2
464785,2
464902,3
460629,1
464271,1
467408,1
461822,2
459378,0
463818,1
460644,1
466743,0
464212,1
463709,1
466145,1
465679,1
464436,3
459094,0
466183,1
461102,1
463012,1
462211,0
459639,1
465687,3
465742,4
466324,0
461827,1
459403,1
459442,3
460424,4
461170,0
465931,2
466800,2
462869,2
462678,2
466391,1
464701,0
467125,1
461190,0
461691,0
461208,2
460052,3
464999,3
462191,0
467045,1
459104,0
462558,0
460342,2
466647,2
459038,0
460074,4
465016,3
459842,0
466230,1
467096,2
466012,1
467059,1
463023,2
464557,2
467052,0
464461,1
464733,1
465433,4
459799,1
466808,0
459321,3
464035,1
466975,1
467524,0
460270,2
465529,0
464246,1
465639,2
464346,1
460953,3
464556,4
467762,0
467285,1
467128,0
459503,2
466402,1
466834,1
467710,2
461559,1
463227,1
464779,0
462883,2
459018,3
459464,4
466774,3
459920,1
467906,0
460386,0
467069,0
465025,3
466984,2
462650,2
459510,0
466229,3
466856,1
461623,2
461839,1
467883,1
460038,2
467744,2
462385,2
462916,1
463339,1
460981,1
458993,1
459966,4
459538,2
459424,1
465975,2
464600,4
465760,2
466577,0
467324,2
464387,2
462481,4
463042,1
465365,0
463762,1
460914,2
466123,1
465803,1
460506,1
463066,2
465110,2
461445,1
466330,0
461578,1
466363,1
461118,2
465568,1
459130,3
459629,1
463892,2
461950,4
463499,1
467946,1
461540,4
462679,4
459181,1
463612,1
463393,1
465527,0
462316,1
467510,1
459755,1
466049,4
465211,4
460367,1
463591,0
464585,3
463698,1
462114,0
461856,1
467511,1
464593,0
459643,1
459695,1
460213,1
461046,1
463409,2
463299,4
465719,1
463448,2
466248,4
462802,1
463205,0
465648,0
467774,0
465525,1
467776,0
460850,1
463919,2
460809,1
465708,1
467138,2
459003,1
466167,1
464257,1
464479,1
464204,1
460073,1
460289,1
464052,4
459069,1
465800,0
461497,0
464005,0
459588,1
464477,1
459476,1
464432,2
462264,1
466257,0
460121,1
463640,0
464462,2
461024,3
464229,0
466680,0
459557,0
466063,1
465205,1
467476,0
463724,0
465868,2
466148,1
464273,0
466641,0
467044,4
461312,0
464450,1
462929,0
467900,0
462155,1
467651,0
459686,1
466985,0
465258,2
467718,0
460288,0
461991,0
460110,4
460128,2
466614,0
462573,1
465346,4
465022,3
459931,1
464538,0
464708,0
462303,1
464114,0
463638,1
461074,1
463351,0
466223,1
464550,1
460641,1
464560,2
459106,1
461492,2
462185,0
463967,4
462421,4
467587,2
466767,3
460401,4
460372,2
464086,1
464705,0
463791,2
461514,0
464078,3
459251,4
460470,0
462923,2
461017,2
465700,1
460113,1
461047,0
466073,2
463201,0
464941,0
462909,0
461345,0
461939,1
467552,1
461882,0
467800,2
465997,0
462291,4
466981,1
467397,2
462589,0
467957,1
459426,0
460264,0
466916,3
463822,1
461203,0
459124,1
467011,3
467495,1
464292,1
461065,1
461010,1
463109,2
462480,0
465229,1
462074,4
461645,4
463662,1
467798,0
463756,1
466581,2
464680,0
464727,1
466413,1
462847,0
462625,0
459048,0
461348,0
464719,0
465561,1
462585,2
463976,2
465617,2
464044,4
466880,1
463333,0
462507,0
460589,1
460615,4
460754,2
464170,2
463660,3
466200,2
460999,0
461327,1
461178,1
465150,4
462882,1
460544,3
459979,0
463157,1
466169,1
467427,2
464392,1
459065,1
465810,0
465156,1
464112,4
465877,2
464321,0
464337,4
465566,0
460394,2
460962,2
465323,1
462152,2
460384,2
461760,3
461075,1
461512,0
465276,1
464935,4
462670,3
467270,0
463221,0
464358,1
462181,2
459178,1
466117,1
463683,2
462720,0
460223,4
465829,2
461523,3
461099,0
467405,4
467958,4
467283,1
463238,0
460228,0
464123,4
467441,4
464110,3
460943,1
467603,3
464973,3
460576,2
466635,1
461085,0
465850,0
467694,3
462497,4
465732,1
466032,1
459759,1
465399,4
459107,1
461135,0
462557,1
460769,3
465839,0
463187,2
464070,2
462826,0
462099,1
466628,2
462844,1
463045,0
462236,2
467429,4
460029,2
465393,2
462091,0
459860,3
461636,4
459431,3
459419,1
459806,1
463080,0
461044,0
467770,2
463245,2
459281,1
458983,1
459815,2
461038,1
465287,0
465313,0
464529,2
460391,1
464744,1
462741,4
460454,4
461506,0
460207,2
463486,0
459736,1
467187,1
460247,2
466384,1
462763,0
465660,1
461493,2
466282,2
460111,2
465305,3
461947,0
465008,1
459928,2
466639,4
459402,1
466470,1
465914,4
465675,4
461815,1
461335,2
461974,1
463267,2
464201,0
463942,0
459092,1
463472,0
461264,0
462379,1
461554,0
465778,0
466426,4
466721,2
465822,1
461779,3
465537,1
465044,1
459171,1
466303,3
464547,4
462584,1
467399,1
462082,2
462575,1
459895,2
459644,2
466587,0
460082,2
461380,1
465475,1
459883,4
466686,0
463750,1
460327,2
461349,0
465350,4
459473,3
460893,4
461665,1
461981,0
467685,0
465524,2
459605,2
464220,3
463450,0
467481,1
465958,2
461384,3
464478,3
465549,4
459267,0
467293,3
461875,0
463971,1
461789,3
461909,0
459556,3
465244,0
466937,1
459296,1
459352,1
461225,2
460097,1
464235,1
463212,0
460925,1
461189,3
460803,0
464881,1
464694,0
467161,2
466640,0
464054,2
459154,3
465734,1
466612,2
463282,4
460681,4
466944,3
465376,0
465273,2
465162,1
459784,1
461057,1
459522,1
464910,1
462238,1
461826,2
461301,3
462995,1
464331,4
464487,1
465647,2
463730,0
467132,1
467120,2
467802,1
464985,3
460224,0
460303,4
465923,2
461948,1
461194,0
460590,1
463291,1
466530,0
461321,2
466623,1
466062,1
465252,2
461031,3
467230,0
465374,1
464159,1
463064,2
462927,2
459428,0
463270,1
459921,2
462564,0
462434,1
463625,1
465871,2
461131,3
463151,1
459794,1
462770,0
467590,4
465004,0
464851,0
467383,3
466277,0
462115,0
463958,0
460023,1
460085,4
463930,1
463458,1
467147,4
461930,4
464398,1
461133,0
466382,1
466914,3
459986,1
465102,3
459209,0
464174,0
461516,1
463252,1
462795,2
461927,0
467337,1
465645,2
465844,4
460425,0
461181,0
460305,1
461290,0
460256,4
466825,1
464051,1
464643,1
467239,0
461113,0
466980,3
463663,4
466077,2
462641,1
460520,4
466429,1
460161,4
461579,2
467155,1
460746,0
464901,3
462685,0
464238,3
466135,1
465196,4
463110,3
461549,1
463820,2
462819,1
462456,0
467909,4
463391,2
467211,3
462256,4
459491,1
464664,1
459925,3
459412,1
463224,1
459066,2
463387,0
463714,1
462052,1
463304,4
463521,1
464703,1
463542,2
463425,1
465353,1
459696,1
462147,3
460815,1
463413,1
460481,4
463336,1
462485,1
465676,1
459357,3
464428,2
465341,0
463295,0
467750,1
461877,2
467793,0
466816,3
462271,1
463677,1
461400,0
466140,1
463435,0
463858,1
459777,2
463545,4
462188,0
465966,2
464869,1
459564,3
459099,2
459559,1
461054,0
465994,0
461243,0
464163,1
459781,4
462021,0
464004,1
459918,4
463783,0
465725,0
461150,0
466022,1
462086,4
459627,2
462524,1
462764,0
462907,0
464766,2
467608,2
467763,4
467972,0
459484,1
459622,4
462023,2
461484,0
459020,1
466028,1
460362,1
464171,1
465144,2
461861,0
467843,0
459017,1
463606,0
467871,0
461730,1
467514,0
460529,0
463169,3
460646,1
460102,2
460490,0
459511,3
466601,1
467616,1
459659,0
459811,1
460087,1
466723,4
461580,0
465026,0
465825,2
467844,0
463348,1
466314,2
462518,0
459601,0
461806,2
459584,0
463133,1
459856,1
460986,0
465360,1
466869,1
465884,2
459300,1
461485,1
466579,0
467706,1
463125,0
463673,0
465899,2
459703,1
464317,1
465093,1
464361,1
459299,0
462334,2
459989,2
464757,1
462293,0
462638,4
464820,0
465709,1
462277,2
465223,1
464776,0
465228,3
461368,2
460698,1
460435,1
465080,2
459272,1
466578,4
466646,1
466408,3
460948,1
462244,3
459410,3
466668,1
467437,3
465267,2
464465,1
463849,1
467191,2
460970,0
463943,3
463778,0
462792,1
459739,1
462894,1
465963,1
466791,3
460807,0
462328,0
460618,1
460041,2
466840,0
461585,4
460538,0
462570,0
461845,1
465182,3
463868,0
464028,0
466438,4
462196,1
463043,2
464316,1
466595,3
465240,3
467303,1
465388,4
462014,4
465401,2
461096,2
462801,2
463829,1
459770,2
461421,1
463737,2
462433,1
465311,0
464804,1
464721,1
465131,3
467371,0
465348,1
459004,1
465290,1
464165,4
462502,0
467572,1
464117,3
461688,2
467148,4
460130,0
462425,4
460326,2
465903,4
461961,2
467855,1
459213,0
461120,0
467927,2
466908,1
461042,0
466497,3
465027,1
463550,1
462943,1
462954,2
463567,1
466124,4
463354,1
463461,0
465586,3
466178,1
461929,1
465752,2
462931,2
467853,1
467277,2
459049,1
464098,0
459438,1
466815,0
459747,1
461014,2
462007,1
465446,2
461416,2
463089,2
463373,1
461910,1
465470,1
465985,0
462715,1
461925,0
465743,1
463675,3
459712,0
464305,3
467178,3
464185,3
467082,1
459948,4
465991,0
465407,0
466225,0
465321,0
461843,1
465935,2
463758,2
464651,1
460526,2
467085,4
463965,2
467156,1
461347,2
462113,2
461299,3
466760,1
459760,2
463972,1
462051,0
467431,2
463466,2
460479,2
461033,2
460839,2
462426,1
461431,1
461121,0
467149,2
461809,4
463793,0
460168,3
463931,1
463046,1
465377,2
460020,1
461878,0
465802,2
466956,1
462559,2
464811,1
467260,2
458994,2
459772,0
464895,0
460625,2
465263,3
461147,1
462441,0
459828,2
460328,4
466448,4
463556,0
461109,0
460557,2
466066,4
459457,1
464404,3
463538,3
459613,0
466588,2
460112,2
466744,1
461821,0
463993,2
467779,1
461144,0
464308,3
459819,3
464509,1
464061,2
466064,0
461999,0
466913,3
462627,1
465765,1
460245,1
460158,2
460703,2
465625,2
466857,0
466828,1
464679,1
464145,2
465543,1
467630,3
465726,1
466218,0
459645,1
465521,1
460300,3
466821,0
466367,4
464898,0
459477,0
464698,3
467129,1
462712,2
465632,0
460735,1
467812,4
464950,0
459562,1
464839,0
465959,2
463624,1
466227,1
463056,1
465334,1
460595,1
461618,1
464955,0
459642,1
460844,1
463188,1
463889,4
459509,0
460211,2
464838,0
462134,3
464635,1
465213,1
460317,2
460196,2
463643,4
459285,3
464558,2
463950,0
464657,0
461922,3
465421,0
463617,0
461574,1
467638,1
460762,0
467568,2
462623,0
459762,2
460408,4
461089,0
466866,2
467781,1
467867,0
459309,2
465040,3
462387,1
459621,2
463646,1
462810,2
460065,1
463999,0
461785,1
461238,1
464200,0
465819,0
462018,0
459275,0
461498,0
461894,1
461176,2
460759,3
460570,0
463928,1
465753,2
467354,1
467326,4
461331,1
462744,1
461436,2
463057,0
467609,0
466451,1
463680,0
463589,0
460459,0
459128,3
464957,3
464835,0
466428,0
466210,1
462351,3
460015,1
463355,2
465354,0
464373,4
459611,0
466487,0
462166,1
461056,1
461488,2
465745,1
464415,1
462727,3
463268,1
462085,4
465226,1
461465,2
461409,1
467791,0
463761,1
466098,3
460471,0
465783,0
467796,2
464859,1
467386,0
461984,1
467205,0
464525,2
467103,0
461067,0
462569,2
462069,1
465614,2
464822,1
460252,1
466603,1
462884,1
462418,2
465699,2
466488,1
462783,0
467063,1
461919,0
461844,1
460600,0
462636,1
464981,1
466034,1
461078,0
465664,3
467037,3
465474,2
459158,0
461545,1
463819,2
464397,1
464003,0
466221,1
465172,2
460621,3
467702,2
461036,0
460376,0
467348,1
462595,0
461195,0
466353,1
466464,1
466287,1
462035,4
463082,2
463600,0
463679,0
465812,1
465048,1
460025,2
466764,2
462125,1
459551,1
467152,2
461174,0
466420,0
460051,2
463144,1
465438,2
460438,1
459032,0
461199,3
462061,0
467623,1
466119,1
460952,1
459024,1
461632,4
464010,0
464405,3
459189,0
466972,2
467072,1
462448,0
467078,1
460437,2
463830,4
463475,1
462237,0
466804,4
460184,2
461287,1
462039,0
467482,1
459081,1
463048,1
460711,2
462984,1
459447,2
466008,1
467567,0
461001,4
462836,0
462176,1
459580,4
460160,4
460808,4
459640,1
467199,2
466939,3
461796,1
464686,2
460843,0
460370,2
465059,1
465531,2
465925,0
464828,2
462230,0
466154,1
462197,1
461692,3
462019,2
460763,4
465740,4
460865,0
459991,1
463564,1
463749,0
464037,2
459180,3
460901,2
465312,0
466585,0
460444,1
462209,1
462649,0
464132,0
467601,2
464458,4
466346,2
465471,1
460179,0
461833,2
459801,4
461719,3
460831,0
463833,0
464974,1
465344,3
460398,2
463681,3
459725,1
466580,0
464207,4
461281,0
465781,2
461285,0
463360,1
461622,1
462911,2
463963,1
467297,1
461744,1
464696,4
460929,1
462840,2
460251,2
465476,0
461534,1
465097,3
464391,1
461619,1
466519,1
460833,0
464425,2
462231,0
464688,0
466141,4
464435,1
467824,3
459670,2
462515,1
461604,1
462472,4
465149,1
459673,3
465507,2
467393,1
460713,1
465366,2
465073,3
464626,1
465450,0
461157,0
465032,3
460965,1
466166,3
460131,2
465577,0
463334,0
462100,4
459125,0
467734,3
462865,4
465932,0
460377,3
463138,0
461202,0
466288,2
459161,1
466780,2
466959,2
463786,1
459093,2
463747,1
460259,0
464494,1
466563,0
466722,1
460561,2
461522,3
459039,1
459452,2
461713,0
461567,2
461495,1
461602,4
461781,1
462126,1
461247,4
461620,4
463286,1
466553,0
466239,3
462393,2
465502,2
459337,2
466934,1
467965,4
465840,4
465689,2
462982,1
464262,3
463095,1
461687,1
467124,1
464499,1
467778,2
466280,0
463523,1
462937,1
460649,2
460911,0
462269,3
459279,2
461566,0
462324,3
463253,1
465528,1
464667,1
462606,1
466961,1
463431,1
459585,1
459304,2
462523,1
464805,1
465036,1
467953,4
464381,2
466115,1
467606,1
466340,0
461453,2
460628,1
459916,4
462341,1
467613,1
462706,1
466095,0
466393,0
466735,0
461296,3
463987,4
462094,4
463073,1
466539,3
463311,0
462355,3
461960,1
461848,0
461963,2
459268,2
465477,0
460619,4
466472,4
467727,2
459341,3
466486,2
460284,2
463704,4
460690,2
467061,2
464545,2
464239,1
464996,2
461339,0
461581,3
460623,2
467493,1
467407,2
461110,0
460055,2
466568,1
467032,4
463590,0
467225,0
466509,1
463087,2
460524,2
459535,2
467384,4
466390,1
463636,0
466717,1
466731,1
466201,1
467729,1
460234,0
464342,1
460915,0
466002,1
459641,2
463995,0
463903,0
466378,1
459270,3
461257,1
461667,1
465214,2
461212,2
466080,1
463608,0
461697,3
459913,1
461288,0
465669,1
460934,0
466785,4
465034,1
463947,1
465785,0
462856,4
459898,1
463790,1
465487,4
465147,0
463405,1
460648,2
464771,2
459358,4
459152,2
464605,3
466481,4
462097,2
460636,1
463174,1
463239,0
460081,2
466891,2
463519,1
467632,1
465339,0
467611,2
462732,1
465481,0
459095,2
464896,3
460414,4
461420,2
463375,4
459546,3
463796,0
459236,3
459593,0
466576,0
460633,1
462012,0
461198,3
462533,4
460171,1
466385,1
465418,4
464411,0
463254,1
461456,0
461557,2
462946,1
463616,0
462593,0
464693,2
459618,1
466494,1
462223,3
462432,1
464268,4
461305,0
462006,1
463917,0
463979,1
465780,0
464795,0
467596,1
459250,1
462680,1
460468,4
466131,4
461311,0
464067,0
462299,2
466165,4
462177,2
460237,2
459087,0
464971,1
460472,1
461145,1
466982,1
466061,4
465960,2
462561,2
465555,3
462096,4
466015,0
459372,0
463196,1
463598,1
464850,1
462978,1
461988,1
461635,2
464687,2
466336,0
459685,1
466617,0
465973,2
459312,0
459525,1
467863,1
461659,1
466272,3
459292,4
460115,4
463710,4
463856,1
467545,2
466027,2
460409,2
465342,3
460249,2
464231,1
461676,4
462338,2
467597,3
459256,1
459962,2
463546,4
464197,2
465146,2
462412,1
464279,1
465466,0
463381,2
464230,0
465394,0
467600,1
461105,4
464328,3
462797,0
461008,0
461412,1
462283,0
467683,2
463727,0
467174,1
459497,3
464407,0
462738,0
465116,1
462957,1
465292,4
464359,4
461838,1
464624,4
459034,0
466705,3
459849,1
463273,2
461551,3
464129,1
464031,0
464287,1
466069,1
460791,0
464348,4
460904,4
466484,1
467663,1
467885,0
461674,1
460601,1
464297,0
462322,4
459974,4
461003,2
464939,0
461905,4
466952,1
464741,3
460484,0
462346,2
465441,1
461689,4
464846,2
462254,1
462708,2
467806,3
461173,1
465912,4
461341,1
465135,0
461654,4
459147,3
464611,0
460356,0
461467,3
461591,0
466505,2
463112,3
464717,0
459051,1
464620,1
462333,1
463910,1
464196,2
459262,2
467808,1
460992,1
459950,4
461053,1
467461,2
463779,0
464177,0
463918,0
464326,4
465612,2
463872,3
466883,1
467477,2
461307,0
463509,0
461470,1
466138,3
460034,2
460650,2
466738,0
465088,2
467253,4
462375,1
466337,1
465924,4
465788,0
459570,0
463934,1
459437,3
466728,1
461737,1
460972,2
461210,0
463111,2
465513,4
461732,1
459647,4
460257,0
464437,1
461544,3
462749,1
461472,1
467659,1
466859,0
460101,2
461885,1
460982,3
460503,4
460814,3
459981,2
463776,1
467746,1
460151,1
467145,1
459581,0
461101,1
464240,1
461424,1
464237,4
463566,1
459995,0
465896,0
463639,0
463292,1
462484,1
459680,2
465198,2
467820,1
465817,1
467661,1
464244,1
465717,1
460461,2
465535,2
466931,4
461106,0
465860,4
463379,0
459331,3
466396,0
463135,2
463418,1
467300,1
465518,1
461964,0
463190,1
461771,2
467496,1
466082,3
461241,2
460741,1
461752,1
461030,2
459097,3
464615,2
460928,1
467682,2
463480,1
462370,1
459148,0
462588,2
466102,0
464482,1
463078,3
464646,2
461151,0
466397,0
463743,0
467753,1
465666,2
463105,3
465280,1
466811,0
467158,0
465578,0
466560,1
459897,1
466440,0
464647,1
460851,1
467122,3
460222,3
460462,0
459440,4
459521,1
465772,1
462218,1
467673,1
461295,1
466035,3
459830,2
462080,2
459330,0
467058,3
461122,2
464886,1
463697,0
460592,0
465995,0
461293,0
467020,3
461153,1
467175,3
465154,0
466666,0
467583,2
462859,1
467483,0
466950,4
463417,1
466884,1
464564,2
463203,0
464716,1
466162,1
462383,0
462970,1
463988,2
466500,1
460826,4
466714,1
467876,2
465204,0
461851,1
460823,3
459328,1
466541,0
461817,0
459187,1
464352,1
462752,0
459814,4
460309,2
467169,4
461362,0
462942,0
463088,3
463924,4
462105,1
462794,2
462399,0
465593,3
465437,1
465457,4
463167,1
463176,1
462141,2
460760,1
461938,2
465041,1
462896,1
467226,0
467228,0
459800,0
466175,1
460212,2
466912,1
460373,0
466383,2
463728,0
466596,1
465945,4
464825,2
462235,2
463477,0
465744,1
467093,2
464351,4
466955,1
462305,1
461519,0
465885,4
461022,1
463146,2
466807,4
459150,4
467114,1
466395,1
465028,3
467194,0
464189,4
466897,1
466043,1
460585,0
461217,0
465759,1
463485,0
464781,0
459425,3
460716,1
464864,0
467250,2
460169,3
461204,1
462401,1
464290,4
462692,1
464599,0
464952,1
460502,1
463897,2
464401,3
460631,1
462621,2
466092,1
466469,0
459804,1
460548,0
459733,1
466830,0
466849,0
461090,1
466531,1
464752,1
467378,1
462830,0
461087,1
461857,0
465754,1
466708,3
465133,1
467266,0
464304,1
464393,3
464883,1
464002,0
465203,0
461860,3
459934,4
461408,1
459545,0
460737,1
459967,2
464493,2
463020,1
466704,2
462950,4
459862,3
465560,1
465114,0
464908,2
459761,0
464109,1
463748,0
461808,1
461716,0
466409,1
464160,2
462459,4
463347,1
461117,0
467023,2
462637,0
465068,1
463731,0
462239,1
467472,1
460269,2
466286,1
467017,4
463767,2
466653,1
464982,1
465021,1
462513,0
460079,0
460092,4
462534,4
466172,1
463370,1
463030,1
465359,1
462504,2
465937,2
460534,1
461032,3
463285,0
466773,1
463568,0
463785,0
467127,3
467469,1
461358,0
464803,0
460938,4
460960,2
461461,2
460192,0
466960,1
466674,1
467747,1
460037,0
461310,0
460166,0
459454,1
461403,0
459129,2
464453,1
463926,0
462718,2
464440,3
467197,0
465070,2
466127,1
466941,3
467918,2
462696,1
464135,3
467586,1
460794,2
460155,1
464606,1
465856,2
463214,0
462848,2
465293,1
461666,1
459773,1
463647,4
464156,2
460457,2
463139,1
464355,1
462183,0
466697,0
466730,1
466394,2
459009,1
460554,1
462498,1
459926,1
465910,2
459166,1
462545,0
459406,3
464772,2
465491,4
463123,4
462015,1
461107,0
459265,1
462789,0
465356,1
460295,2
463871,2
464594,1
460694,1
464369,1
463983,1
463973,1
465721,1
467347,0
461325,1
465335,1
461871,1
466296,1
462252,2
460209,0
465890,2
459745,1
465715,2
467168,2
465805,1
461417,4
462938,2
463869,1
459071,0
460193,4
462936,4
464015,4
467961,1
464442,3
465834,4
462857,0
467268,3
463474,1
463607,0
460793,0
464874,1
465907,2
465186,2
463861,1
464027,2
460985,1
466870,1
466060,1
461273,3
464925,2
465673,2
461648,1
467631,3
467804,1
465946,1
460076,4
466000,2
459445,1
466292,3
463804,2
464081,2
462543,1
463444,3
463051,2
465893,1
466812,2
463129,3
467091,4
460268,2
465757,1
460021,1
463859,2
460053,2
466659,1
466533,4
465307,1
464592,4
460975,3
461647,1
467462,1
467594,1
464255,1
461701,1
466516,0
464036,4
461887,3
464093,0
466177,1
467486,1
466775,3
467412,2
460546,3
466204,1
459000,2
460635,1
466781,1
464992,3
464921,1
458982,1
461045,0
466644,4
459623,1
459346,1
464183,0
466642,2
460519,0
462687,2
464847,1
467921,4
460863,1
464168,1
464819,1
465718,2
461025,1
466243,1
463059,2
466962,2
463067,2
465755,2
460088,1
466301,1
467884,0
459908,3
459315,4
465343,1
467772,0
463601,0
460292,2
466566,4
459500,1
460267,0
467298,1
467095,1
465919,4
461835,1
461302,0
461275,3
463115,1
466362,3
462784,0
467498,3
463490,0
463836,1
459923,0
462590,0
464164,3
460298,4
467819,1
460722,1
466407,1
462411,2
466198,3
462153,1
467180,1
461481,2
464589,2
461471,1
463981,4
459793,1
464146,4
464498,1
459589,0
459775,4
459829,3
463314,0
459723,2
459122,2
462221,0
463528,3
459112,3
462694,2
466757,1
464413,1
464690,1
466425,1
460474,2
467261,3
463411,1
463322,3
466193,3
461555,0
459738,1
459008,1
462004,1
459836,2
461250,1
461926,2
459578,1
466003,2
465460,4
462862,2
466388,0
465084,1
465777,2
466688,0
461029,2
462132,1
464812,1
459351,1
465099,1
465730,2
462138,1
466144,1
465630,4
460332,0
462342,2
459007,1
465130,0
459702,3
461401,1
463916,2
459938,4
460199,2
466684,1
465978,1
465682,1
462693,4
459734,1
459952,2
466450,4
466556,0
459932,2
460420,4
466928,0
463513,3
460123,2
462357,0
459866,4
464094,1
467852,2
462526,2
461677,2
463611,4
467389,0
463180,1
461572,1
464607,1
463921,1
467679,1
463694,0
467751,1
465563,1
465589,1
459215,1
466826,1
461164,2
459305,2
460181,2
466447,1
467735,4
463755,1
460930,2
465246,0
459683,1
463491,2
466058,1
459985,2
464523,2
462815,3
464187,2
461246,1
460655,0
467137,1
462477,2
463906,1
465855,4
467334,3
461600,0
465828,2
463494,1
460279,2
463136,1
459869,0
467916,2
465853,1
461890,1
466582,0
461076,0
466713,1
460753,0
460262,2
465249,0
466083,0
459137,2
459485,3
461734,3
467416,2
463137,2
459839,1
465665,3
466922,0
464747,1
464920,4
461638,3
461972,1
467790,0
463402,2
462900,1
460688,2
466033,1
459620,1
467121,1
461440,1
459598,1
465670,2
463985,1
466347,1
459077,3
460339,2
459970,4
463464,2
459313,1
466990,2
460077,4
460369,1
464108,1
463792,0
462261,1
463312,1
462667,1
462917,3
463898,4
459157,4
460287,1
460521,0
460684,2
462319,1
460614,1
462925,1
465128,1
465222,2
467850,0
465488,0
461266,4
467453,4
467672,2
466606,1
465596,2
462309,0
461840,2
461284,0
467878,1
465553,2
463346,0
466232,1
465183,1
462382,3
461363,4
465658,1
460748,1
466217,4
465484,1
459401,0
459783,1
462326,2
459870,2
467676,2
464488,0
466076,2
462275,1
459396,4
464417,1
467311,3
464034,1
467748,1
465010,4
459886,1
466435,1
463885,1
462915,1
462824,1
460696,3
466662,0
461658,1
467142,1
460127,2
467542,2
462901,2
465547,3
464797,2
460867,1
464438,1
460779,0
458996,3
460276,1
466478,1
463834,1
465796,1
460654,1
459752,1
459057,3
465641,1
467854,2
459291,4
460749,4
467861,0
459446,1
459229,3
466038,2
459507,3
467494,3
466794,1
464682,0
459472,3
466023,1
467538,1
459266,0
467642,1
466477,1
459579,1
464143,2
467678,4
466053,0
467038,3
466822,1
464371,1
462788,1
459334,0
465236,1
461433,3
466345,0
459942,4
462739,1
463412,4
467243,0
463215,1
460887,1
467950,4
460407,2
466565,1
461590,1
461128,2
460145,4
462192,0
467470,1
462734,1
467937,0
463395,0
466648,2
460866,0
463097,1
461614,0
459771,4
466196,3
466372,1
467400,3
459367,2
463390,1
460504,1
465478,3
466739,0
461262,0
463376,2
459536,2
466351,0
465916,4
461867,0
461236,2
461330,3
466271,0
463511,4
462567,0
466506,1
460278,1
467841,0
465167,2
463579,1
462779,1
464161,3
463462,1
459963,2
459172,0
467475,1
464303,1
461308,0
463288,2
467231,0
460149,1
459955,4
463668,0
463424,2
462767,0
465736,2
461449,1
462591,0
464531,0
467007,1
460190,2
466149,0
464214,0
461211,4
467430,1
462624,1
464936,0
461542,4
465302,1
460291,2
460742,4
464350,3
465746,4
466325,0
464353,4
463172,1
465582,1
467136,1
466693,0
461727,4
461160,1
461360,1
466900,2
467166,2
460541,1
466622,4
465971,1
466909,1
460637,0
465983,0
462288,1
464627,1
460205,1
460854,0
463725,1
461694,0
465917,2
463604,0
467473,0
462462,1
465089,1
467491,1
461418,0
464540,1
462985,2
465921,2
462193,0
467754,1
459672,1
465815,1
459379,0
460824,3
458988,0
466583,1
467951,4
461742,3
466321,1
464102,2
465695,0
467657,0
467203,2
460329,2
465926,2
467635,2
461127,0
462486,1
463011,1
464715,1
462725,3
465325,1
464699,0
465270,1
463189,1
460162,0
466244,0
466234,1
466403,1
459156,3
463944,0
466888,1
461430,1
464489,1
464738,1
459953,2
465318,0
461959,1
459029,3
467237,3
459724,1
459891,1
462628,1
461756,1
463433,1
465724,2
466904,1
462463,1
461515,1
464192,3
467357,1
467904,2
460921,1
464842,0
467733,2
460142,1
461504,2
460174,2
461965,0
467506,4
463998,0
462821,0
463787,1
460203,2
460104,1
465434,0
461259,4
465797,1
467388,0
466373,3
464495,0
462329,1
463508,1
462062,0
466150,1
466220,2
464648,1
464167,1
465012,1
464584,2
463258,1
465987,0
467765,2
463687,0
467557,1
461477,0
462935,3
465017,1
461140,0
462430,1
463225,1
462897,0
466136,4
466989,2
462428,1
462446,0
467254,2
464077,2
465808,1
464660,0
462989,0
464855,0
465430,0
463119,3
460493,4
459170,4
461219,2
467054,0
465107,3
459274,3
459540,3
467536,3
461611,2
466164,2
466638,2
466733,0
460518,2
464115,4
460383,2
466943,4
462054,0
465988,1
462503,1
461215,2
460608,0
461698,1
459373,0
465911,2
462315,1
461563,1
465007,3
464777,2
461480,1
460486,2
459994,0
459042,1
461280,0
463070,3
464447,1
459617,0
464714,0
465160,1
460239,2
465952,2
461005,0
465782,0
466886,0
464013,0
466604,0
466535,2
466786,0
460314,0
461088,2
464653,1
460567,2
462771,1
463358,1
466970,2
461491,2
464344,1
463655,2
463427,1
463016,1
464099,2
461446,3
460241,2
465567,1
460536,0
464366,1
459339,2
467466,2
465340,0
460319,1
466542,3
459482,1
459369,0
467705,1
467838,1
465784,0
464301,1
462885,1
466831,1
466114,1
463313,1
461237,0
463184,1
467591,1
462350,1
466564,0
465221,3
467569,0
464157,3
460725,1
462294,1
462336,1
462301,2
464137,3
462673,2
467229,0
459524,4
461655,2
463145,4
467577,1
467836,1
463018,2
467272,3
467181,2
460939,3
465440,1
465512,1
466190,1
465570,1
463075,1
460932,2
459139,1
460277,0
460244,4
465265,1
462207,0
466327,2
465330,0
461235,4
464675,0
461386,3
464548,1
462751,0
459016,0
461803,0
459277,1
461748,0
464768,2
463468,1
460238,2
459455,3
464327,2
463696,4
460856,1
462601,1
467544,1
464515,0
461901,2
466677,1
467809,1
462313,1
461402,0
460810,3
459242,1
460801,2
462306,2
463913,4
464729,0
467133,3
465403,2
463759,2
463685,0
461224,2
459504,3
461805,0
463495,0
462212,0
464977,1
465381,0
460019,4
465389,1
463162,1
464718,0
462519,0
459530,1
461066,1
459444,3
465843,4
460869,1
462029,4
459865,1
464968,0
462272,1
464879,1
462684,2
462194,1
465415,0
465251,0
460733,0
459418,3
464265,1
463421,1
459013,1
466875,0
463817,0
466139,1
460227,0
464250,1
462118,0
467235,4
467648,1
466306,0
464739,1
466121,1
464441,1
466660,0
458992,4
464623,2
465530,1
462891,0
459360,0
459088,0
459911,0
466199,1
460018,1
465580,2
466070,1
462471,4
461759,1
462933,1
462048,0
463050,1
465597,2
462092,2
467574,0
463940,0
459718,3
460210,0
461899,0
459544,0
466273,3
461813,0
462851,0
466860,0
464617,4
462228,0
460903,2
464518,1
462800,2
467489,0
464894,0
464533,1
467278,1
466026,0
464601,2
461980,1
461489,3
466778,1
465621,2
461758,2
460935,3
465895,2
465278,1
462655,4
465100,3
464274,1
467153,1
459399,0
466852,0
464101,2
465501,2
462516,0
459082,4
466405,1
465594,0
465685,2
461774,3
467341,4
461612,2
466629,0
467036,3
465306,1
467165,0
465789,2
465422,1
462049,2
466997,0
465838,1
467379,1
462396,1
465285,2
461292,3
466004,1
464853,2
467455,2
465667,0
463437,1
461291,0
459889,2
466460,3
460674,4
460132,0
463613,1
465231,1
463002,1
464018,0
464685,0
465406,4
467299,0
461879,1
